AUTOR,TÍTULO,ISBN,GERAL,PARTICULAR,PAIS,TÓPICO,GEOGRAFIA,CLÁSSICO,CRÍTICA,LOVE,REL,TEMPO,PENSAMENTO,SECULO,CDD,VOL,COL,EDITORA,IDIOMA,ANO,PÁG
-,NIV Holy Bible,978-0-310-44646-0,Cristianismo,Bíblia,,,,N,N,N,S,P,T,,220.0,1,,Zondervan,Inglês,-,849
"Agostinho, Santo",Confissões ,978-85-326-6511-9,Cristianismo,Biografia,Hipona,Igreja Católica ,Africa,S,N,N,S,P,T,IV,922.22,1,,Vozes,Português ,2025,387
"Agostinho, Santo",Sobre a felicidade,978-85-326-4799-3,Filosofia e religião,Felicidade,Hipona,Patrística,Africa,N,S,N,S,P,T,IV,189.2,,,Vozes de bolso,Português,2020,43
"Almeida, Manuel Antônio de",Memórias de um sargento de milícias,,Romance,Romance brasileiro,Brasil,Romantismo,América latina,S,N,N,N,P,D,XIX,869.33,1,0,Moderna,Português,1984,231
"Aquino, Felipe",Para entender a reforma protestante,978-85-8497-041-4,Cristianismo,História da Igreja,Brasil,Reforma Protestante,América latina,N,S,N,S,C,T,XXI,270.6,1,0,Cleófas,Português,2018,192
"Aquino, São Tomás de",A imortalidade da alma & A razão superior e inferior,978-85-8491-058-8,Filosofia,Ética/Moral,Itália,Escolástica,Europa,N,N,N,S,P,T,XIII,170.0,1,0,Ecclesiae,Português,2017,134
Aristóteles,De Anima (On the Soul),978-0-140-44471-1,Filosofia,Filosofia antiga,Grécia Antiga,,Europa,N,N,N,N,P,T,antes de Cristo,128.0,1,0,Penguin,Inglês,2022,220
Aristóteles,A política,978-85-209-3408-1,Ciência política,Filosofia antiga,Grécia Antiga,Política,Europa,S,N,N,N,P,T,antes de Cristo,320.01,,,Nova fronteira,Português,2017,352
"Asimov, Isaac","Eu, robô",978-85-61706-35-7,Ficção,Ficção norte americana,EUA,Ficção científica,América do norte,N,S,N,N,F,P,XX,813.0,1,0,Pocket ouro,Português,2009,313
"Asimov, Isaac",Fundação,978-85-7657-066-0,Ficção,Ficção norte americana,EUA,Ficção científica,América do norte,N,S,N,N,F,P,XX,813.08,1,1,Aleth,Português,2010,238
"Asimov, Isaac",Segunda fundação,978-85-7657-068-4,Ficção,Ficção norte americana,EUA,Ficção científica,América do norte,N,S,N,N,F,P,XX,813.08,1,2,Aleth,Português,2010,235
"Asimov, Isaac",Fundação e império,978-85-7657-067-7,Ficção,Ficção norte americana,EUA,Ficção científica,América do norte,N,S,N,N,F,P,XX,813.08,1,3,Aleth,Português,2010,244
"Austen, Jane",Orgulho e preconceito,978-85-5671-017-8,Romance,Romance inglês,Inglaterra,,Europa,S,N,S,N,P,D,XIX,823.7,1,,Pé da letra,Português,2021,240
"Austen, Jane",Persuasão,978-85-8789-816-6,Romance,Romance inglês,Inglaterra,,Europa,N,N,S,N,P,D,XIX,823.7,1,,Pé da letra,Português,2021,232
"Azevedo, Aluísio",O cortiço,978-85-349-2370-5,Romance ,Romance brasileiro,Brasil,Naturalismo,América latina,S,S,N,N,P,D,XIX,869.93,1,0,Paulus,Português,2002,232
"Balzac, Honoré de",A mulher de trinta anos,978-85-7232-954-5,Romance,Romance francês,França,,Europa,S,N,N,N,P,P,XIX,843.0,1,0,Martin Claret,Português,2018,221
"Barreto, Lima",Triste fim de Policarpo Quaresma,978-85-99896-33-4,Romance,Romance brasileiro,Brasil,Literatura brasileira,América latina,S,N,N,N,P,D,XX,869.3,1,0,Nova fronteira,Português,2008,256
"Bastiat, Frederic",A lei,978-85-62409-71-4,Direito,Filosofia,França,Ciência política,Europa,N,S,N,N,P,P,XIX,340.12,1,0,Faro editorial,Português,2016,140
"Berlitz, Charles",Francês Passo a Passo,85-336-0307-X,Francês,Idiomas,EUA,,América do norte,N,N,N,N,C,T,XX,443.24,1,0,Martins Fontes,Português,1994,329
"Bradbury, Ray",Fahrenheit 451,978-85-250-4211-8,Ficção,Ficção norte americana,EUA,Ficção científica,América do norte,S,S,N,N,F,P,XX,813.08,1,0,Globo,Português,2007,216
"Bradbury, Ray",Fahrenheit 451,978-1-4516-9031-6,Ficção,Ficção norte americana,EUA,Ficção científica,América do norte,S,S,N,N,F,P,XX,813.08,1,0,Simon & Schuster,Inglês,2012,158
"Bronte, Emily",O morro dos ventos uivantes,978-85-7799-202-7,Romance,Romance inglês,Inglaterra,Clássicos,Europa,S,N,S,N,P,P,XIX,823.0,1,0,BestBolso,Português,2010,405
"Bulfinch, Thomas",O livro de ouro da mitologia: histórias de deuses e heróis,978850002590-7,Mitologia,Mitologia grega,Grécia Antiga,,Europa,N,N,N,N,P,D,,291.13,1,0,Ediouro,Português,2006,355
"Burgess, Anthony",Laranja mecânica,978-65-86064-45-2,Ficção,Ficção inglesa,Inglaterra,Ficção científica,Europa,S,S,N,N,F,P,XX,823.91,1,0,Aleth,Português,2021,288
"Caminha, Pero Vaz de",A carta do descobrimento: ao rei D. Manuel,978-85-209-4126-3,História,História do Brasil,Brasil,Descobrimento,América latina,N,N,N,N,P,D,XV,981.01,1,0,Nova fronteira,Português,2017,96
"Campagnolo, Ana Caroline",Guia de bolso contra mentiras feministas,978-65-87138-75-6,Feminismo,,Brasil,,América latina,N,S,N,N,C,T,XIX,305.42,1,0,Vide editorial,Português,2021,194
"Camus, Albert",O mito de Sísifo,978-85-7799-269-0,Ensaio,Ensaio francês,França,Existencialismo,Europa,S,N,N,N,C,T,XX,844.0,1,0,BestBolso,Português,2021,138
"Carter, Lin",O senhor dos anéis: o mundo de Tolkien,85-01-06515-3,Ficção ,Ficção inglesa,Inglaterra,História e crítica,Europa,N,N,N,N,C,P,XX,823.0,1,0,Record,Português,2003,221
"Carvalho, Olavo de",O Jardim das Aflições,978-85-67394-51-0,Ciência política,Ideologias políticas,Brasil,Materialismo,América latina,N,S,N,N,C,T,XXI,320.01,1,,Vide editorial,Português,2015,463
"Cervantes, Miguel de",O engenhoso fidalgo Dom Quixote de La Mancha,978-85-7326-457-9,Romance,Romance espanhol,Espanha,Clássicos,Europa,S,N,N,N,P,P,XVII ,863.0,1,1,Editora 34,Português,2010,698
"Cervantes, Miguel de",O engenhoso cavaleiro Dom Quixote de La Mancha,978-85-7326-458-6,Romance,Romance espanhol,Espanha,Clássicos,Europa,S,N,N,N,P,P,XVII ,863.0,1,2,Editora 34,Português,2010,758
"Christie, Agatha",O misterioso caso de Styles e Enquanto houver luz,978-85-7799-262-1,Ficção,Ficção policial,Inglaterra,Mistério,Europa,N,N,N,N,C,D,XX,823.0,1,P,BestBolso,Português,2010,196
"Christie, Agatha",O caso do hotel Bertram,978-85-7799-262-1,Ficção,Ficção policial,Inglaterra,Mistério,Europa,N,N,N,N,C,D,XX,823.0,1,M,BestBolso,Português,2010,210
"Christie, Agatha",Uma dose mortal,978-85-254-2102-9,Ficção,Ficção policial,Inglaterra,Mistério,Europa,N,N,N,N,C,D,XX,823.0,1,P,L&PM Pocket,Português,2011,224
"Christie, Agatha",Os crimes ABC,978-85-8041-501-8,Ficção,Ficção policial,Inglaterra,Mistério,Europa,N,N,N,N,C,D,XX,823.0,1,,L&PM Pocket,Português,2016,208
"Christie, Agatha",Assassinato no Expresso Oriente,978-85-306-0117-1,Ficção,Ficção policial,Inglaterra,Mistério,Europa,N,N,N,N,C,D,XX,823.0,1,,L&PM Pocket,Português,2021,224
"Christie, Agatha",O Natal de Poirot,978-85-209-2360-3,Ficção,Ficção policial,Inglaterra,Mistério,Europa,N,N,N,N,C,D,XX,823.0,1,P,Nova fronteira,Português,2009,223
"Christie, Agatha",Cai o pano,978-85-209-2362-7,Ficção,Ficção policial,Inglaterra,Mistério,Europa,N,N,N,N,C,D,XX,823.0,1,,Nova fronteira,Português,2009,217
"Christie, Agatha",E não sobrou nenhum,978-85-250-4529-4,Ficção,Ficção policial,Inglaterra,Mistério,Europa,N,N,N,N,C,D,XX,823.08,1,0,Globo,Português,2009,397
"Coben, Harlan",A grande ilusão,978-65-5565-196-6,Ficção,Ficção norte americana,EUA,Suspense,América do norte,N,N,N,N,C,D,XXI,813.0,1,0,Arqueiro,Português,2021,304
"Darwin, Charles",On the Origin of Species,978-0-19-921922-3,Evolução,Seleção natural,Inglaterra,Biologia,Europa,S,N,N,N,P,P,XIX,576.82,1,1,Oxford,Inglês,2008,394
"Dick, Philip K.",Ubik,978-85-7657-451-4,Ficção,Ficção norte americana,EUA,Ficção científica,América do norte,N,S,N,N,F,P,XX,813.08,1,0,Aleth,Português,2019,248
"Dick, Philip K.",Blade Runner (Androides sonham com ovelhas elétricas?),978-85-7657-440-8,Ficção,Ficção norte americana,EUA,Ficção científica,América do norte,N,S,N,N,F,P,XX,813.08,1,0,Aleth,Português,2019,283
"Dick, Philip K.",O homem do castelo alto,978-85-7657-441-5,Ficção,Ficção norte americana,EUA,Ficção científica,América do norte,N,S,N,N,F,P,XX,813.08,1,0,Aleth,Português,2019,312
"Dostoievski, Fiodor M.",Crime e castigo,,Romance,Romance russo,Rússia,Clássicos,Asia,S,N,N,N,P,T,XIX,,1,,Martin Claret,Português,2021,780
"Dostoiévski, Fiodor M.",Os irmãos Karamazóv,978-65-5910-009-5,Romance,Romance russo,Rússia,Clássicos,Asia,S,N,N,N,P,T,XIX,891.7,1,0,Martin Claret,Português,2020,1251
"Dostoiévski, Fiodor M.",Notas do subsolo,978-85-254-1717-6,Novela,,Rússia,Clássicos,Asia,S,S,N,N,P,T,XIX,891.73,1,0,L&PM Pocket,Português,2021,160
"Dostoiévski, Fiodor M.",Noites brancas e A árvore de Natal na casa do Cristo ,978-85-209-3080-9,Contos  ,Conto russo,Rússia,Clássicos,Asia,S,N,S,N,P,P,XIX,891.73,1,0,Nova fronteira,Português,2018,75
"Escrivá de Balaguer, São Josemaria",Caminho,978-85-54991-30-2,Cristianismo,Vida espiritual,Espanha,Meditações,Europa,N,N,N,S,C,T,XX,248.4,1,0,Quadrante,Português,2019,350
"Fast, Howard",Spartacus,978-85-7799-049-8,Ficção,Ficção norte americana,EUA,Roma ,América do norte,N,N,N,N,C,D,XX,813.0,1,0,BestBolso,Português,2007,428
"Fest, Joachim",No bunker de Hitler: os ultimos dias do terceiro Reich,978-85-7302-990-1,Biografia,Nazismo,Alemanha,História alemã,Europa,N,N,N,N,C,P,XX,923.5,,0,Objetiva,Português,2009,215
"Fitzgerald, F. Scott",O último magnata,978-85-440-0222-3,Ficção ,Ficção norte americana,EUA,,América do norte,N,N,N,N,C,D,XX,813.0,,,Martin Claret,Português,2019,200
"Fülöp-Miller, René",Os Santos que abalaram o mundo,978-85-03-00824-2,Biografia,Santos cristãos,Áustria,Igreja Católica,Europa,N,N,N,N,C,T,XX,922.2,1,0,José Olympio,Português,2023,430
"Garcia Marquez, Gabriel",Cem anos de solidão ,85-7402-493-7,Romance,Romance colombiano ,Colômbia ,Clássicos ,América latina,S,N,N,N,C,D,XX,868.99,1,,Folha,Português ,2003,383
"García Marquez, Gabriel",Relato de um náufrago,85-01-01120-7,Biografia,Biografia colombiana,Colômbia,Sobrevivência,América latina,N,N,N,N,C,D,XX,910.09,1,0,Record,Português,2005,134
"Goethe, Johann Wolfgang",Os sofrimentos do jovem Werther,978-85-254-1044-3,Literatura alemã,Romance alemão,Alemanha,Romantismo,Europa,S,N,S,N,P,D,XVIII,833.6,1,0,L&PM Pocket,Português,2020,192
"Gomes, Laurentino",1808,978-85-7665-320-2,História,História do Brasil,Brasil,Brasil Colônia,América latina,N,S,N,N,P,T,XXI,981.0,1,0,Planeta,Português,2010,367
"Gonzaga, Tomás Antônio",Marília de Dirceu & Cartas Chilenas,85-08-06409-8,Poesia ,Poesia brasileira,Brasil,Arcadismo,América latina,S,N,N,N,C,D,XVIII,869.1,1,0,Ática,Português,1997,176
"Grisham, John",Os litigantes,978-85-325-2759-2,Ficção,Ficção norte americana,EUA,Suspense,América do norte,N,N,N,N,C,D,XXI,813.0,1,27,Rocco,Português,2012,447
"Grisham, John",O advogado,85-325-0891-X,Ficção,Ficção norte americana,EUA,Suspense,América do norte,N,N,N,N,C,D,XX,813.0,1,10,Rocco,Português,1998,352
"Grisham, John",A confissão,978-85-325-2654-0,Ficção,Ficção norte americana,EUA,Suspense,América do norte,N,N,N,N,C,D,XXI,813.0,1,25,Rocco,Português,2011,477
"Grisham, John",A intimação,85-325-1435-9,Ficção,Ficção norte americana,EUA,Suspense,América do norte,N,N,N,N,C,D,XXI,813.0,1,15,Rocco,Português,2002,283
"Grisham, John",O rei das fraudes,85-325-1651-3,Ficção,Ficção norte americana,EUA,Suspense,América do norte,N,N,N,N,C,D,XXI,813.0,1,17,Rocco,Português,2003,372
"Grisham, John",O recurso,978-85-325-0912-3,Ficção,Ficção norte americana,EUA,Indústria química,América do norte,N,N,N,N,C,D,XXI,813.0,1,22,Rocco,Português,2008,380
"Hahn, Scott",Razões para Crer,978-85-84970-04-9,Cristianismo,Igreja Católica,EUA,Apologética,América do norte,N,N,N,S,C,T,XXI,232.9,1,0,Cleófas,Português,2019,224
"Harari, Yuval Noah",Sapiens,978-0-099-59008-8,História,História da civilização,Israel,Antropologia,Asia,N,S,N,N,C,T,XXI,909.83,1,1,Vintage,Inglês,2015,498
"Harari, Yuval Noah",Homo Deus,978-1-784-70393-6,História,História da civilização,Israel,Antropologia,Asia,N,S,N,N,C,T,XXI,909.83,1,2,Vintage,Inglês,2017,513
"Harris, Thomas",O silêncio dos inocentes,978-85-7799-062-7,Ficção,Ficção norte americana,EUA,Ficção policial,América do norte,S,N,N,N,C,D,XX,813.0,,,BestBolso,Português,2015,390
"Hatoum, Milton",Dois irmãos,978-85-359-0833-6,Romance,Romance brasileiro,Brasil,,América latina,N,N,N,N,C,D,XX,869.93,1,0,Companhia de bolso,Português,2017,198
"Hawking, Stephen",O universo numa casca de noz,978-85-209-3003-8,Física,Mecânica quântica,Inglaterra,Física quântica,Europa,N,N,N,N,C,T,XXI,530.12,1,0,Saraiva,Português,2012,240
"Heller, Joseph",Ardil-22,978-85-7799-159-4,Ficção,Ficção norte americana,EUA,Militar,América do norte,N,N,N,N,C,D,XX,813.0,1,0,BestBolso,Português,2010,560
"Hemingway, Ernest",O velho e o mar e outros contos,,Contos,Conto norte americano,EUA,,América do norte,S,N,N,N,C,D,XXI,813.52,1,0,Civilização brasileira,Português,1973,276
Homero,A Odisseia,978-65-5552-158-0,Poesia,Literatura grega,Grécia Antiga,Poema épico,Europa,S,N,N,N,P,P,antes de Cristo,883.0,1,,Principis,Português,2020,320
"Hoppe, Hans-Hermann","Democracia, o deus que falhou",978-85-8119-079-2,Filosofia,Ciência política,Alemanha,Democracia,Europa,N,S,N,N,C,T,XXI,321.8,1,0,Mises Brasil,Português,2014,372
"Huxley, Aldous",Admirável mundo novo,978-85-250-4661-1,Romance,Romance inglês,Inglaterra,Ficção científica,Europa,N,S,N,N,F,P,XX,823.0,1,0,Globo,Português,2009,397
"Isaacson, Walter",Steve Jobs,978-85-359-1971-4,Biografia,Empresário,EUA,,América do norte,N,N,N,N,C,P,XXI,338.76,1,0,Companhia das Letras,Português,2011,607
"Joyce, James",Retrato do artista quando jovem,978-85-7799-353-6,Romance,Romance irlandês,Irlanda,,Europa,S,N,N,N,C,D,XX,828.99,1,0,BestBolso,Português,2012,293
"Kempis, Tomás de",Imitação de Cristo,,Cristianismo,Meditações,França,Igreja Católica,Europa,N,N,N,S,P,T,XV,242.0,1,0,Vozes,Português,2020,317
"Kiyosaki, Robert T.","Pai rico, pai pobre",978-85-352-0623-4,Economia,Finanças pessoais,EUA,Investimentos,América do norte,N,N,N,N,C,D,XX,332.02,1,0,Elsevier,Português,2000,186
"Laurie, Hugh",O vendedor de armas,978-85-7665-483-4,Ficção,Ficção inglesa,Inglaterra,Ficção policial,Europa,N,N,N,N,C,D,XX,823.0,1,0,Planeta,Português,2010,287
"Levitt & Dubner, Steven D. e Stephen J.",Freakonomics e Superfreakonomics,978-85-352-5608-6,Economia,Sociologia,EUA,Filosofia,América do norte,N,S,N,N,C,T,XXI,330.0,1,0,Elsevier,Português,2012,561
"Lewis, C. S.",A abolição do homem,978-85-7860-1898,Filosofia,Religião,Inglaterra,Cristianismo,Europa,N,S,N,S,C,T,XX,210.0,1,0,Thomas Nelson,Português,2017,128
"Lewis, C. S.",Cartas de um diabo a seu aprendiz,978-85-7860-1843,Cristianismo,Filosofia,Inglaterra,Religião,Europa,N,S,N,S,C,P,XX,248.0,1,0,Thomas Nelson,Português,2017,208
"Lewis, C. S.",Cristianismo puro e simples,978-85-7860-1775,Cristianismo,Vida cristã,Inglaterra,,Europa,N,N,N,S,C,T,XX,248.4,1,0,Thomas Nelson,Português,2017,288
"Lewis, C. S.",O peso da glória,978-85-7860-0655,Cristianismo,Teologia,Inglaterra,Sermões,Europa,N,N,N,S,C,T,XX,252.03,1,0,Thomas Nelson,Português,2017,192
"Lewis, C. S.",Os quatro amores,978-85-7860-1959,Casamento,Relacionamento amoroso,Inglaterra,Amor,Europa,N,N,N,S,C,P,XX,646.78,1,0,Thomas Nelson,Português,2017,192
"Lewontin, R. C.",Biologia como ideologia,85-87528-20-3,Biologia,Filosofia,EUA,Genética,América do norte,N,S,N,N,C,T,XX,570.1,1,0,FUNPEC,Português,2010,138
Librairie Hachette,Historama: a grande aventura do homem,,História,História da civilização,,,Mundo,N,N,N,N,P,T,XX,900.0,1,1,Grolier,Português,1972,
Librairie Hachette,Historama: a grande aventura do homem,,História,História da civilização,,,Mundo,N,N,N,N,P,T,XX,900.0,1,2,Grolier,Português,1972,
Librairie Hachette,Historama: a grande aventura do homem,,História,História da civilização,,,Mundo,N,N,N,N,P,T,XX,900.0,1,3,Grolier,Português,1972,
Librairie Hachette,Historama: a grande aventura do homem,,História,História da civilização,,,Mundo,N,N,N,N,P,T,XX,900.0,1,4,Grolier,Português,1972,
Librairie Hachette,Historama: a grande aventura do homem,,História,História da civilização,,,Mundo,N,N,N,N,P,T,XX,900.0,1,5,Grolier,Português,1972,
Librairie Hachette,Historama: a grande aventura do homem,,História,História da civilização,,,Mundo,N,N,N,N,P,T,XX,900.0,1,6,Grolier,Português,1972,
Librairie Hachette,Historama: a grande aventura do homem,,História,História da civilização,,,Mundo,N,N,N,N,P,T,XX,900.0,1,7,Grolier,Português,1972,
Librairie Hachette,Historama: a grande aventura do homem,,História,História da civilização,,,Mundo,N,N,N,N,P,T,XX,900.0,1,8,Grolier,Português,1972,
Librairie Hachette,Historama: a grande aventura do homem,,História,História da civilização,,,Mundo,N,N,N,N,P,T,XX,900.0,1,9,Grolier,Português,1972,
Librairie Hachette,Historama: a grande aventura do homem,,História,História da civilização,,,Mundo,N,N,N,N,P,T,XX,900.0,1,10,Grolier,Português,1972,
Librairie Hachette,Historama: a grande aventura do homem,,História,História da civilização,,,Mundo,N,N,N,N,C,T,XX,900.0,1,11,Grolier,Português,1972,
Librairie Hachette,Historama: a grande aventura do homem,,História,História da civilização,,,Mundo,N,N,N,N,C,T,XX,900.0,1,12,Grolier,Português,1972,
"Lins do Rego, José",Menino do engenho,85-03-00341-4,Romance,Romance brasileiro,Brasil,Abolicionismo,América latina,S,N,N,N,C,D,XX,869.93,1,0,José Olympio,Português,1996,88
"Lispector, Clarice",A paixão segundo G. H.,978-65-5532-006-0,Romance,Romance brasileiro,Brasil,,América latina,S,N,N,N,C,P,XX,869.3,1,0,Rocco,Português,2020,188
"Lobato, Monteiro",Caçadas de Pedrinho,978-85-250-6089-1,Ficção,Ficção brasileira,Brasil,Infanto-juvenil,América latina,N,N,N,N,C,D,XIX,028.5,1,,Globo,Português,2020,168
"Lobato, Monteiro",Mister Slang e o Brasil,978-85-250-4564-5,Política,Política brasileira,Brasil,Saúde pública,América latina,N,N,N,N,C,D,XX,320.98,1,0,Globo,Português,2020,139
"Lobato, Monteiro",Prefácios e entrevistas,978-85-250-4719-9,Coletâneas,Coletânea brasileira,Brasil,Pré-modernismo,América latina,N,N,N,N,C,D,XX,320.98,1,0,Globo,Português,2020,240
"Lobato, Monteiro","Fragmentos, opiniões  e miscelâneas",978-85-250-4814-1,Artigos jornalísticos,Coletânea brasileira,Brasil,Coletâneas,América latina,N,S,N,N,C,D,XX,704.4,1,0,Globo,Português,2020,289
"Lobato, Monteiro",Cidades mortas,978-85-250-4625-3,Contos,Conto brasileiro,Brasil,,América latina,N,N,N,N,C,D,XX,869.93,1,0,Globo,Português,2020,192
"Lobato, Monteiro",América,978-85-250-4674-1,História,História norte americana,Brasil,Descrição e viagens,América latina,N,N,N,N,C,D,XX,917.3,1,0,Globo,Português,2020,270
"Lovecraft, H. P.",O horror em Red Hook e outras histórias,978-85-254-2652-9,Conto,Conto norte americano,EUA,Terror,América do norte,N,N,N,N,C,D,XX,813.0,1,0,L&PM Pocket,Português,2012,64
"Ludlum, Robert",A identidade Bourne,978-85-254-1902-6,Ficção ,Ficção norte americana,EUA,,América do norte,N,N,N,N,C,D,XX,813.0,1,0,Rocco,Português,2011,592
Machado de Assis,Quincas borba,85-08-04084-9,Romance,Romance brasileiro,Brasil,Modernismo,América latina,S,N,N,N,P,D,XIX,869.3,1,0,Ática,Português,1997,214
Machado de Assis,O Alienista,85-08-04083-0,Ficção,Ficção brasileira,Brasil,Realismo,América latina,S,N,N,N,P,D,XIX,869.3,1,0,Ática,Português,1996,70
Maquiavel,O principe,978-85-7232-267-6,Ciência política,Napoleão Bonaparte,Itália,Clássicos,Europa,S,S,N,N,P,P,XV,320.0,1,0,Martin Claret,Português,2007,177
Marco Aurélio,Meditações,978-65-5552-205-1,Filosofia,Literatura grega,Grécia Antiga,Estoicismo,Europa,S,S,N,N,P,P,II,883.0,1,0,Principis,Português,2020,128
"Marsili, Mila",O mínimo sobre relacionamentos,978-65-85033-14-5,Vida familiar,Relacionamento amoroso,Brasil,Guia,América latina,N,S,N,N,C,P,XXI,646.78,1,0,O mínimo,Português,2023,132
"Marx e Engels, Karl e Friederich",Manifesto do partido comunista,978-85-7283-902-0,Comunismo,Manifesto comunista,Alemanha,Ciência política,Europa,S,S,N,N,P,P,XIX,335.42,1,0,Edipro,Português,2020,110
"Mathers, Edward P.",A mandíbula de Caim,978-65-5560-442-9,Ficção,Ficção inglesa,Inglaterra,Policial,Europa,N,N,N,N,C,T,XX,823.0,1,0,Intrinseca,Português,2022,216
"Morrow, Thomas G.",O namoro cristão em um mundo supersexualizado,978-85-7465-144-6,Relacionamento amoroso,Cristianismo,EUA,Igreja Católica,América do norte,N,S,N,N,C,P,XXI,241.6,1,0,Quadrante,Português,2021,215
"Murakami, Haruki",Norwegian wood,978-85-60281-52-7,Romance ,Romance japonês,Japão,,Asia,N,N,N,N,C,D,XX,895.63,1,0,Alfaguara,Português,2022,359
"Nabokov, Vladimir",Lolita,,Romance,Romance russo,EUA,Clássicos,América do norte,S,S,N,N,C,P,XX,813.5,1,,Folha,Português,,
"Ortega y Gasset, José",A rebelião das massas,978-85-67394-82-4,História,História da civilização e cultura,Espanha,Ciência política,Europa,S,S,N,N,C,T,XX,901.9,1,0,Vide editorial,Português,2016,361
"Orwell, George",Revolução dos bichos,978-85-359-0955-5,Ficção,Ficção inglesa,Inglaterra,,Europa,S,S,N,N,F,P,XX,823.0,1,0,Companhia das Letras,Português,2021,147
"Orwell, George",1984,978-65-86064-37-7,Ficção,Ficção inglesa,Inglaterra,Ficção científica,Europa,S,S,N,N,F,P,XX,823.91,1,0,Aleth,Português,2021,400
"Paiva, Marcelo Rubens",Feliz ano velho,978-85-7962-419-3,Memórias,Literatura brasileira,Brasil,,América latina,N,S,N,N,C,D,XX,869.93,1,0,Alfaguara,Português,2015,272
"Panicacci, Fausto",A ilha e o espelho,978-65-88370-33-9,Ficção,Ficção brasileira,Brasil,Contemporânea,América latina,N,N,N,N,C,D,XXI,869.0,1,0,Maquinaria,Português,2022,304
"Peterson, Jordan B.",12 regras para a vida,978-85-508-0275-6,Autoajuda,Vida,Canadá,Regras,América do norte,N,S,N,N,C,P,XXI,158.1,1,1,Alta Books,Português,2018,448
"Pio X, São",Catecismo Maior de São Pio X,978-85-8543-221-8,Igreja Católica,Catecismo,Vaticano,Cristianismo,Europa,N,N,N,S,C,T,XX,238.2,1,0,Permanência,Português,2010,240
"Queiros, Eçá de",O primo Basílio,,Romance,Romance português,Portugal,Realismo,Europa,S,N,N,N,P,D,XIX,869.33,1,0,Nova cultural,Português,-,319
"Ramos, Graciliano",Vidas Secas,978-65-5587-791-5,Romance,Romance brasileiro,Brasil,Sertão nordestino,América latina,S,N,N,N,C,D,XX,869.1,1,0,Record,Português,2024,181
"Ramos, Graciliano",Caétes,978-85-7799-293-5,Ficção,Ficção brasileira,Brasil,Clássicos,América latina,S,N,S,N,C,D,XX,869.93,1,0,BestBolso,Português,2012,196
"Ramos, Graciliano",São Bernardo,978-85-7799-293-5,Ficção,Ficção brasileira,Brasil,Clássicos,América latina,S,N,N,N,C,D,XX,869.93,1,0,BestBolso,Português,2012,154
"Rand, Ayn",A revolta de Atlas,978-85-99296-83-7,Ficção,Ficção norte americana,EUA,Libertarianismo,América do norte,S,S,N,N,C,P,XX,813.0,1,1,Arqueiro,Português,2010,351
"Rand, Ayn",A revolta de Atlas,978-85-99296-83-7,Ficção,Ficção norte americana,EUA,Libertarianismo,América do norte,S,S,N,N,C,P,XX,813.0,1,2,Arqueiro,Português,2010,381
"Rand, Ayn",A revolta de Atlas,978-85-99296-83-7,Ficção,Ficção norte americana,EUA,Libertarianismo,América do norte,S,S,N,N,C,P,XX,813.0,1,3,Arqueiro,Português,2010,495
"Reilly, Matthew",Área 7,85-01-07086-6,Ficção,Ficção australiana,Austrália,Mistério,Oceania,N,N,N,N,C,D,XXI,808.99,1,0,Record,Português,2006,501
"Rovelli, Carlo",A realidade não é o que parece,,Física,Teoria quântica,Itália,Filosofia,Europa,N,N,N,N,C,T,XXI,530.12,1,0,Objetiva,Português,2017,290
"Sagan, Carl",Contato,978-85-359-1351-4,Ficção ,Ficção norte americana,EUA,Ficção científica,América do norte,N,N,N,N,C,T,XX,813.08,1,0,Companhia de bolso,Português,2008,435
"Salinger, J. D.",O apanhador no campo de centeio,978-65-80309030,Ficção,Ficção norte americana,EUA,Clássicos,América do norte,S,N,N,N,C,D,XX,813,1,,Editora do Autor,Português,1965,180
"Saramago, José",Ensaio sobre a lucidez,978-85-359-3035-1,Romance,Romance português,Portugal,Clássicos,Europa,N,S,N,N,C,D,XXI,869.3,1,0,Companhia das letras,Português,2017,325
"Shakespeare, William",Shakespeare's Sonnets,978-0-141-39622-4,Poema,Sonetos,Inglaterra,Clássicos,Europa,S,N,N,N,P,D,XVI,821.3,,,Penguin,Inglês,2015,154
"Shakespeare, William",O mercador de Veneza,978-85-209-2947-6,Teatro,Teatro inglês,Inglaterra,Clássicos,Europa,S,N,N,N,P,D,XVI,822.0,,,Nova fronteira,Português,2018,128
"Shakespeare, William",Macbeth,978-85-209-3477-7,Teatro,Teatro inglês,Inglaterra,Clássicos,Europa,S,N,N,N,P,D,XVI,822.0,,,Nova fronteira,Português,2017,120
"Shakespeare, William",Romeu e Julieta,978-85-254-0922-5,Teatro,Teatro inglês,Inglaterra,Clássicos,Europa,S,N,N,N,P,D,XVI,822.33,1,0,L&PM Pocket,Português,2018,160
"Shelley, Bruce L.",História do Cristianismo,978-85-7860-252-9,Cristianismo,História da Igreja,EUA,,América do norte,N,N,N,S,C,P,XXI,282.09,1,,Thomas Nelson,Português,2018,560
"Smith, Tom Rob",Criança 44,978-85-7799-049-8,Ficção,União Soviética,Inglaterra,Serviço Secreto,Europa,N,N,N,N,C,D,XXI,823.0,1,0,BestBolso,Português,2010,419
Sófocles,Antígona,978-65-5548-023-8,Teatro,Teatro grego,Grécia Antiga,Tragédia,Europa,S,N,N,N,P,D,antes de Cristo,882.0,,,Paz & Terra,Português,2021,111
"Stevenson, R. L.",O médico e o monstro,978-85-254-1123-5,Ficção,Ficção escocesa,Escócia,Terror,Europa,S,N,N,N,P,D,Conto,891.63,,0,L&PM Pocket,Português,2011,112
"Suassuna, Ariano",Auto da compadecida,85-220-0265-7,Teatro,Teatro brasileiro,Brasil,,América latina,S,N,N,N,C,D,XX,869.92,1,0,Agir,Português,2002,208
"Tolkien, J. R. R.",Mestre Gil de Ham,85-336-1912-X,Ficção ,Ficção inglesa,Inglaterra,Infanto-juvenil,Europa,N,N,N,N,C,D,XX,028.5,1,0,Martins Fontes,Português,2004,142
"Tolkien, J. R. R.",O Hobbit,978-85-7827-112-1,Ficção ,Ficção inglesa,Inglaterra,Ficção fantástica,Europa,S,N,N,N,C,D,XX,823.0,1,0,Martins Fontes,Português,2009,300
"Tolkien, J. R. R.",O Silmarillion,85-336-1165-X,Ficção ,Ficção inglesa,Inglaterra,Ficção fantástica,Europa,N,N,N,N,C,D,XX,823.0,1,0,Martins Fontes,Português,2002,460
"Tolkien, J. R. R.",O Senhor dos Anéis: A Sociedade do Anel,85-336-1337-7,Ficção ,Ficção inglesa,Inglaterra,Ficção fantástica,Europa,S,N,N,N,C,D,XX,823.91,1,1,Martins Fontes,Português,2001,442
"Tolkien, J. R. R.",O Senhor dos Anéis: As Duas Torres,85-336-1338-5,Ficção ,Ficção inglesa,Inglaterra,Ficção fantástica,Europa,S,N,N,N,C,D,XX,823.91,1,2,Martins Fontes,Português,2001,368
"Tolkien, J. R. R.",O Senhor dos Anéis: O Retorno do Rei,85-336-1339-3,Ficção ,Ficção inglesa,Inglaterra,Ficção fantástica,Europa,S,N,N,N,C,D,XX,823.91,1,3,Martins Fontes,Português,2001,431
"Tolstoi, Liev","Novelas completas: Felicidade conjugal, A morte de Ivn Ilitch, Sonata a Kreutzer e Padre Siergui",978-65-5992-001-6,Novela,Literatura russa,Rússia,Clássicos,Asia,S,N,N,N,P,P,XIX,891.7,1,0,Todavia,Português,2020,411
"Traviss, Harren",Star Wars: legacy of the force - sacrifice,978-0-345-47741-5,Ficção,Ficção norte americana,EUA,Infanto-juvenil,América do norte,N,N,N,N,C,D,XXI,823.92,1,5,Del rey,Inglês,2007,498
"Turgueniev, Ivan S.",Fathers and sons,978-1-85326-286-9,Romance,Romance russo,Rússia,Ficção filósofica,Asia,S,N,N,N,P,P,XIX,891.73,1,0,Wordsworth ,Inglês,2021,211
"Tzu, Sun",A arte da guerra,978-85-7232-821-0,Ciência política,Filosofia chinesa,China,Militar,Asia,S,S,N,N,P,P,antes de Cristo,355.02,1,0,Martin Claret,Português,2011,158
Vários autores,Pé de poesia,85-260-0772-6,Poesia,Poesia brasileira,Brasil,Infanto-juvenil,América latina,N,N,N,N,C,D,XX,028.5,1,0,Global,Português,2002,63
Vários autores,Grandes inspirações,978-85-413-0753-6,Poesia,Poesia brasileira,Brasil,Infanto-juvenil,América latina,N,N,N,N,C,D,XXI,028.5,1,0,,Português,2016,33
"Verne, Júlio",Viagem ao centro da Terra,85-7232-497-6,Ficção,Ficção francesa,França,Aventura,Europa,S,N,N,N,P,D,XIX,028.5,1,0,Martin Claret,Português,2007,214
"Verne, Júlio",Vinte mil léguas submarinas,978-85-7232-626-1,Ficção,Ficção francesa,França,Aventura,Europa,S,N,N,N,P,D,XIX,843.0,1,0,Martin Claret,Português,2012,398
"Verne, Júlio",Da Terra à Lua,852890194-7,Ficção,Ficção francesa,França,Aventura,Europa,N,N,N,N,P,D,XIX,843.8,1,0,Hemus,Português,2012,108
"Verne, Júlio",A volta ao mundo em 80 dias,978-85-254-0836-5,Ficção,Ficção francesa,França,Aventura,Europa,S,N,N,N,P,D,XIX,843.87,1,0,L&PM Pocket,Português,2010,256
"Wells, H. G.",A máquina do tempo,978-85-254-3464-7,Ficção,Ficção inglesa,Inglaterra,Ficção científica,Europa,S,N,N,N,P,D,XIX,823.0,1,0,L&PM Pocket,Português,2018,160
"Wilde, Oscar",Histórias de fadas,85-209-1225-7,Contos,Conto inglês,Inglaterra,Infanto-juvenil,Europa,N,N,N,N,P,D,XIX,028.5,1,0,Nova fronteira,Português,2001,48
"Willer, Derrick",Sums: they're math magic,978-1-8384070-0-1,Matemática,Números,Inglaterra,Infanto-juvenil,Europa,N,N,N,N,C,P,XXI,510.0,1,0,-,Inglês,2022,112
"Windham, Ryder",Star Wars: the empire strikes back,978-0-439-68124-7,Ficção,Ficção norte americana,EUA,Infanto-juvenil,América do norte,N,N,N,N,C,D,XXI,791.43,1,5,Scholastic,Inglês,2004,235
"Windham, Ryder",Star Wars: return of the Jedi,978-0-439-68126-1,Ficção,Ficção norte americana,EUA,Infanto-juvenil,América do norte,N,N,N,N,C,D,XXI,791.43,1,6,Scholastic,Inglês,2004,188
"Wrede, Patricia C.",Star Wars: revenge of the sith,978-0-439-13929-8,Ficção,Ficção norte americana,EUA,Infanto-juvenil,América do norte,N,N,N,N,C,D,XXI,791.43,1,3,Scholastic,Inglês,2005,185
"Wrede, Patricia C.",Star Wars: the phantom menace,978-0-590-01089-4,Ficção,Ficção norte americana,EUA,Infanto-juvenil,América do norte,N,N,N,N,C,D,XXI,791.43,1,1,Scholastic,Inglês,1999,178
"Wrede, Patricia C.",Star Wars: attack of the clones,978-0-439-13928-1,Ficção,Ficção norte americana,EUA,Infanto-juvenil,América do norte,N,N,N,N,C,D,XXI,791.43,1,2,Scholastic,Inglês,2002,167
"Wrede, Patricia C.",Star Wars: a new hope,978-0-439-68123-0,Ficção,Ficção norte americana,EUA,Infanto-juvenil,América do norte,N,N,N,N,C,D,XXI,791.43,1,4,Scholastic,Inglês,2004,215
"Yanagihara, Hanya",Uma vida pequena,,Romance,Ficção norte americana,EUA,Ficção,América do norte,N,N,N,N,C,D,XXI,813.6,1,0,Record,Português,2016,784
"Zamiátin, Ievguêni",Nós,978-65-86064-46-9,Ficção,Ficção russa,Rússia,Ficção científica,Asia,N,S,N,N,F,P,XX,891.7,1,0,Aleth,Português,2021,328